vmin_km_s,total_tail,mw_tail,lmc_tail,total_eta,mw_eta,lmc_eta
0.0,1.0,0.9487666034155597,0.051233396584440226,0.003595824378911308,0.003500749039840197,9.507533907111294e-05
20.0,0.9998849979874648,0.9486516014030245,0.051233396584440226,0.003586863172566796,0.0034917878334956845,9.507533907111294e-05
40.0,0.9987781036168133,0.947544707032373,0.051233396584440226,0.0035511742646190305,0.003456098925547918,9.507533907111294e-05
60.0,0.9956155482720948,0.9443821516876545,0.051233396584440226,0.0034892612247964263,0.003394185885725315,9.507533907111294e-05
80.0,0.9887585532746823,0.9375251566902421,0.051233396584440226,0.0033914207306487074,0.0032963453915775954,9.507533907111294e-05
100.0,0.9776321085618999,0.9263987119774596,0.051233396584440226,0.0032680175212569766,0.0031729421821858647,9.507533907111294e-05
120.0,0.9627105974354552,0.9114772008510149,0.051233396584440226,0.0031327787913241864,0.0030377034522530745,9.507533907111294e-05
140.0,0.9422833649588868,0.8910499683744465,0.051233396584440226,0.0029761908334325895,0.002881115494361478,9.507533907111294e-05
160.0,0.9169397964464379,0.8657063998619976,0.051233396584440226,0.00280706390619628,0.0027119885671251683,9.507533907111294e-05
180.0,0.8872549019607843,0.8360215053763441,0.051233396584440226,0.002632572615386812,0.0025374972763156996,9.507533907111294e-05
200.0,0.852394916911046,0.8011615203266057,0.051233396584440226,0.002449111276513483,0.0023540359374423694,9.507533907111294e-05
220.0,0.8117704559829797,0.7605370593985394,0.051233396584440226,0.0022557691609018968,0.0021606938218307844,9.507533907111294e-05
240.0,0.765755275717325,0.7145218791328848,0.051233396584440226,0.002055828362549589,0.001960753023478476,9.507533907111294e-05
260.0,0.7146800069001208,0.6634466103156805,0.051233396584440226,0.0018515680694766218,0.0017564927304055094,9.507533907111294e-05
280.0,0.6606721867632683,0.6094387901788282,0.051233396584440226,0.001651505737885919,0.0015564303988148064,9.507533907111294e-05
300.0,0.6052268414697257,0.5539934448852855,0.051233396584440226,0.0014602960247125198,0.0013652206856414068,9.507533907111294e-05
320.0,0.5507302627795987,0.49949686619515843,0.051233396584440226,0.0012843661581306664,0.0011892908190595537,9.507533907111294e-05
340.0,0.49663619113334484,0.4454027945489046,0.051233396584440226,0.0011203727009486914,0.0010252973618775781,9.507533907111294e-05
360.0,0.4436921396124432,0.392458743028003,0.051233396584440226,0.0009689883370629016,0.0008739129979917887,9.507533907111294e-05
380.0,0.3925306192858375,0.34139784946236557,0.05113276982347191,0.0008307098659258818,0.0007359036610529735,9.480620487290834e-05
400.0,0.34351101144270024,0.29256511988959805,0.05094589155310218,0.000704938399093339,0.0006106082316164837,9.433016747685523e-05
420.0,0.29758208268644704,0.24695244666781668,0.050629636018630325,0.0005928594880652979,0.0004993007409699948,9.35587470953029e-05
440.0,0.2528606750618136,0.20290667586682767,0.049953999194985915,0.0004888231850712601,0.00039682815861909914,9.19950264521608e-05
460.0,0.21216433787591282,0.16350411132194814,0.048660226553964694,0.0003983623053146468,0.00030923725806177504,8.912504725287179e-05
480.0,0.17661434075096313,0.13104479328388247,0.045569547467080675,0.0003226847414658626,0.00024012336651990133,8.256137494596124e-05
500.0,0.14365188890805589,0.10281179920648612,0.04084008970156978,0.00025535853245048417,0.00018244745092480116,7.2911081525683e-05
520.0,0.11635328618250819,0.08106204358576274,0.035291242596745445,0.00020181328366989277,0.00013978440841756634,6.202887525232642e-05
540.0,0.0890690587085274,0.06113794491403599,0.027931113794491404,0.00015032680610903038,0.00010218062270869132,4.814618340033907e-05
560.0,0.06559427289977575,0.045857052498418725,0.019737220401357024,0.00010762128883929175,7.437915865789661e-05,3.324213018139514e-05
580.0,0.04637456155482721,0.034040595710424934,0.012333965844402278,7.384409879714154e-05,5.361388551476113e-05,2.023021328238039e-05
600.0,0.03250244379276637,0.02540106951871658,0.007101374274049796,5.031160855100276e-05,3.8960540341281857e-05,1.1351068209720904e-05
620.0,0.023086654016445288,0.01947846587315278,0.0036081881432925077,3.486557578561216e-05,2.9243127078650264e-05,5.6224487069618966e-06
640.0,0.015482145937553907,0.013771491001092519,0.001710654936461388,2.2788558057844618e-05,2.018517191471976e-05,2.60338614312487e-06
660.0,0.009875797826461963,0.009286412512218964,0.0005893853142429992,1.4149321418388873e-05,1.327507149789113e-05,8.742499204977454e-07
680.0,0.006123857167500431,0.0059369788971306995,0.00018687827036973148,8.547538530967341e-06,8.275531344513169e-06,2.720071864541739e-07
700.0,0.0036513138979932147,0.0036513138979932147,0.0,4.954468219823867e-06,4.954468219823867e-06,0.0
720.0,0.0020987867287677532,0.0020987867287677532,0.0,2.767656684309269e-06,2.767656684309269e-06,0.0
740.0,0.001336898395721925,0.001336898395721925,0.0,1.7225275569512784e-06,1.7225275569512784e-06,0.0
760.0,0.0009487666034155598,0.0009487666034155598,0.0,1.2036567426663638e-06,1.2036567426663638e-06,0.0
780.0,0.0006037605658099017,0.0006037605658099017,0.0,7.541622311891633e-07,7.541622311891633e-07,0.0
800.0,0.000273129779771146,0.000273129779771146,0.0,3.354577645409971e-07,3.354577645409971e-07,0.0
820.0,5.7501006267609686e-05,5.7501006267609686e-05,0.0,6.933759014413744e-08,6.933759014413744e-08,0.0
840.0,0.0,0.0,0.0,0.0,0.0,0.0
860.0,0.0,0.0,0.0,0.0,0.0,0.0
880.0,0.0,0.0,0.0,0.0,0.0,0.0
900.0,0.0,0.0,0.0,0.0,0.0,0.0
920.0,0.0,0.0,0.0,0.0,0.0,0.0
940.0,0.0,0.0,0.0,0.0,0.0,0.0
960.0,0.0,0.0,0.0,0.0,0.0,0.0
980.0,0.0,0.0,0.0,0.0,0.0,0.0
1000.0,0.0,0.0,0.0,0.0,0.0,0.0
