speed_left_km_s,speed_right_km_s,total_pdf,mw_pdf,lmc_pdf
0.0,20.0,5.750100626760968e-06,5.750100626760968e-06,0.0
20.0,40.0,5.534471853257432e-05,5.534471853257432e-05,0.0
40.0,60.0,0.00015812776723592663,0.00015812776723592663,0.0
60.0,80.0,0.00034284974987062273,0.00034284974987062273,0.0
80.0,100.0,0.0005563222356391237,0.0005563222356391237,0.0
100.0,120.0,0.0007460755563222357,0.0007460755563222357,0.0
120.0,140.0,0.001021361623828417,0.001021361623828417,0.0
140.0,160.0,0.0012671784256224484,0.0012671784256224484,0.0
160.0,180.0,0.0014842447242826749,0.0014842447242826749,0.0
180.0,200.0,0.0017429992524869186,0.0017429992524869186,0.0
200.0,220.0,0.002031223046403312,0.002031223046403312,0.0
220.0,240.0,0.0023007590132827324,0.0023007590132827324,0.0
240.0,260.0,0.002553763440860215,0.002553763440860215,0.0
260.0,280.0,0.0027003910068426197,0.0027003910068426197,0.0
280.0,300.0,0.002772267264677132,0.002772267264677132,0.0
300.0,320.0,0.0027248289345063537,0.0027248289345063537,0.0
320.0,340.0,0.0027047035823126904,0.0027047035823126904,0.0
340.0,360.0,0.002647202576045081,0.002647202576045081,0.0
360.0,380.0,0.002558076016330286,0.00255304467828187,5.031338048415847e-06
380.0,400.0,0.0024509803921568627,0.002441636478638376,9.343913518486573e-06
400.0,420.0,0.0022964464378126617,0.002280633661089069,1.5812776723592664e-05
420.0,440.0,0.0022360703812316714,0.002202288540049451,3.378184118222069e-05
440.0,460.0,0.0020348168592950375,0.001970128227243977,6.468863205106089e-05
460.0,480.0,0.0017774998562474842,0.0016229659019032833,0.00015453395434420102
480.0,500.0,0.0016481225921453626,0.0014116497038698177,0.00023647288827554483
500.0,520.0,0.0013649301362773849,0.001087487781036168,0.00027744235524121674
520.0,540.0,0.0013642113736990398,0.0009962049335863377,0.00036800644011270197
540.0,560.0,0.0011737392904375827,0.0007640446207808636,0.000409694669656719
560.0,580.0,0.0009609855672474268,0.0005908228393996895,0.0003701627278477373
580.0,600.0,0.0006936058881030418,0.0004319763095854177,0.00026162957851762404
600.0,620.0,0.0004707894888160543,0.00029613018227818986,0.00017465930653786442
620.0,640.0,0.000380225403944569,0.00028534874360301303,9.487666034155598e-05
640.0,660.0,0.0002803174055545972,0.00022425392444367777,5.606348111091944e-05
660.0,680.0,0.0001875970329480766,0.0001674716807544132,2.0125352193663388e-05
680.0,700.0,0.0001236271634753608,0.00011428324995687424,9.343913518486573e-06
700.0,720.0,7.762635846127307e-05,7.762635846127307e-05,0.0
720.0,740.0,3.8094416652291415e-05,3.8094416652291415e-05,0.0
740.0,760.0,1.9406589615318267e-05,1.9406589615318267e-05,0.0
760.0,780.0,1.7250301880282906e-05,1.7250301880282906e-05,0.0
780.0,800.0,1.6531539301937785e-05,1.6531539301937785e-05,0.0
800.0,820.0,1.0781438675176815e-05,1.0781438675176815e-05,0.0
820.0,840.0,2.875050313380484e-06,2.875050313380484e-06,0.0
840.0,860.0,0.0,0.0,0.0
860.0,880.0,0.0,0.0,0.0
880.0,900.0,0.0,0.0,0.0
900.0,920.0,0.0,0.0,0.0
920.0,940.0,0.0,0.0,0.0
940.0,960.0,0.0,0.0,0.0
960.0,980.0,0.0,0.0,0.0
980.0,1000.0,0.0,0.0,0.0
