n_particles,n_phases,backend,repeat,seconds,max_absolute_error,max_relative_error
1000,12,numpy,1,0.00035669998032972217,0.0,0.0
1000,12,numba,1,4.9200025387108326e-05,0.0,0.0
1000,12,numba,2,4.6600005589425564e-05,0.0,0.0
1000,12,numpy,2,0.00033819995587691665,0.0,0.0
1000,12,numpy,3,0.0003322999691590667,0.0,0.0
1000,12,numba,3,4.840001929551363e-05,0.0,0.0
1000,12,numba,4,3.489997470751405e-05,0.0,0.0
1000,12,numpy,4,0.00034139998024329543,0.0,0.0
1000,12,numpy,5,0.0003293000045232475,0.0,0.0
1000,12,numba,5,4.199997056275606e-05,0.0,0.0
10000,12,numpy,1,0.002770999970380217,0.0,0.0
10000,12,numba,1,0.00035829999251291156,0.0,0.0
10000,12,numba,2,0.000262899964582175,0.0,0.0
10000,12,numpy,2,0.0027397999656386673,0.0,0.0
10000,12,numpy,3,0.0027735999901778996,0.0,0.0
10000,12,numba,3,0.0003523999475874007,0.0,0.0
10000,12,numba,4,0.00031729997135698795,0.0,0.0
10000,12,numpy,4,0.002047699992544949,0.0,0.0
10000,12,numpy,5,0.0019230000325478613,0.0,0.0
10000,12,numba,5,0.0003671000013127923,0.0,0.0
100000,12,numpy,1,0.02774890000000596,0.0,0.0
100000,12,numba,1,0.0018307999707758427,0.0,0.0
100000,12,numba,2,0.002626200031954795,0.0,0.0
100000,12,numpy,2,0.025730499997735023,0.0,0.0
100000,12,numpy,3,0.02248059998964891,0.0,0.0
100000,12,numba,3,0.0019064000225625932,0.0,0.0
100000,12,numba,4,0.0025095000164583325,0.0,0.0
100000,12,numpy,4,0.025382600026205182,0.0,0.0
100000,12,numpy,5,0.023918400052934885,0.0,0.0
100000,12,numba,5,0.0018106000497937202,0.0,0.0
